<?xml version="1.0" encoding="utf-8" ?>
<dwsync>
<file name="bootstrap-grid.css" server="sebrina-jones.graphicandwebdesign.ca/public_html/luma/" local="132900312280929110" remote="132902853760000000" Dst="1" />
<file name="bootstrap-grid.css.map" server="sebrina-jones.graphicandwebdesign.ca/public_html/luma/" local="132900312281047202" remote="132902853760000000" Dst="1" />
<file name="bootstrap-grid.min.css" server="sebrina-jones.graphicandwebdesign.ca/public_html/luma/" local="132900312281157197" remote="132902853760000000" Dst="1" />
<file name="bootstrap-grid.min.css.map" server="sebrina-jones.graphicandwebdesign.ca/public_html/luma/" local="132900312281256625" remote="132902853760000000" Dst="1" />
<file name="bootstrap-grid.rtl.css" server="sebrina-jones.graphicandwebdesign.ca/public_html/luma/" local="132900312281356456" remote="132902853760000000" Dst="1" />
<file name="bootstrap-grid.rtl.css.map" server="sebrina-jones.graphicandwebdesign.ca/public_html/luma/" local="132900312281446125" remote="132902853760000000" Dst="1" />
<file name="bootstrap-grid.rtl.min.css" server="sebrina-jones.graphicandwebdesign.ca/public_html/luma/" local="132900312281555823" remote="132902853760000000" Dst="1" />
<file name="bootstrap-grid.rtl.min.css.map" server="sebrina-jones.graphicandwebdesign.ca/public_html/luma/" local="132900312281645587" remote="132902853760000000" Dst="1" />
<file name="bootstrap-reboot.css" server="sebrina-jones.graphicandwebdesign.ca/public_html/luma/" local="132900312281745319" remote="132902853760000000" Dst="1" />
<file name="bootstrap-reboot.css.map" server="sebrina-jones.graphicandwebdesign.ca/public_html/luma/" local="132900312281855031" remote="132902853760000000" Dst="1" />
<file name="bootstrap-reboot.min.css" server="sebrina-jones.graphicandwebdesign.ca/public_html/luma/" local="132900312281954760" remote="132902853760000000" Dst="1" />
<file name="bootstrap-reboot.min.css.map" server="sebrina-jones.graphicandwebdesign.ca/public_html/luma/" local="132900312282044516" remote="132902853770000000" Dst="1" />
<file name="bootstrap-reboot.rtl.css" server="sebrina-jones.graphicandwebdesign.ca/public_html/luma/" local="132900312282144255" remote="132902853770000000" Dst="1" />
<file name="bootstrap-reboot.rtl.css.map" server="sebrina-jones.graphicandwebdesign.ca/public_html/luma/" local="132900312282243988" remote="132902853770000000" Dst="1" />
<file name="bootstrap-reboot.rtl.min.css" server="sebrina-jones.graphicandwebdesign.ca/public_html/luma/" local="132900312282363665" remote="132902853770000000" Dst="1" />
<file name="bootstrap-reboot.rtl.min.css.map" server="sebrina-jones.graphicandwebdesign.ca/public_html/luma/" local="132900312282453429" remote="132902853770000000" Dst="1" />
<file name="bootstrap-utilities.css" server="sebrina-jones.graphicandwebdesign.ca/public_html/luma/" local="132900312282563133" remote="132902853770000000" Dst="1" />
<file name="bootstrap-utilities.css.map" server="sebrina-jones.graphicandwebdesign.ca/public_html/luma/" local="132900312282662867" remote="132902853770000000" Dst="1" />
<file name="bootstrap-utilities.min.css" server="sebrina-jones.graphicandwebdesign.ca/public_html/luma/" local="132900312282772575" remote="132902853770000000" Dst="1" />
<file name="bootstrap-utilities.min.css.map" server="sebrina-jones.graphicandwebdesign.ca/public_html/luma/" local="132900312282872308" remote="132902853770000000" Dst="1" />
<file name="bootstrap-utilities.rtl.css" server="sebrina-jones.graphicandwebdesign.ca/public_html/luma/" local="132900312282962063" remote="132902853770000000" Dst="1" />
<file name="bootstrap-utilities.rtl.css.map" server="sebrina-jones.graphicandwebdesign.ca/public_html/luma/" local="132900312283061796" remote="132902853770000000" Dst="1" />
<file name="bootstrap-utilities.rtl.min.css" server="sebrina-jones.graphicandwebdesign.ca/public_html/luma/" local="132900312283161528" remote="132902853770000000" Dst="1" />
<file name="bootstrap-utilities.rtl.min.css.map" server="sebrina-jones.graphicandwebdesign.ca/public_html/luma/" local="132900312283251290" remote="132902853770000000" Dst="1" />
<file name="bootstrap.css" server="sebrina-jones.graphicandwebdesign.ca/public_html/luma/" local="132902024566275494" remote="132902853770000000" Dst="1" />
<file name="bootstrap.css.map" server="sebrina-jones.graphicandwebdesign.ca/public_html/luma/" local="132900312283480679" remote="132902853770000000" Dst="1" />
<file name="bootstrap.min.css" server="sebrina-jones.graphicandwebdesign.ca/public_html/luma/" local="132900312283590383" remote="132902853780000000" Dst="1" />
<file name="bootstrap.min.css.map" server="sebrina-jones.graphicandwebdesign.ca/public_html/luma/" local="132900312283690119" remote="132902853780000000" Dst="1" />
<file name="bootstrap.rtl.css" server="sebrina-jones.graphicandwebdesign.ca/public_html/luma/" local="132900312283799823" remote="132902853780000000" Dst="1" />
<file name="bootstrap.rtl.css.map" server="sebrina-jones.graphicandwebdesign.ca/public_html/luma/" local="132900312283909535" remote="132902853790000000" Dst="1" />
<file name="bootstrap.rtl.min.css" server="sebrina-jones.graphicandwebdesign.ca/public_html/luma/" local="132900312284009264" remote="132902853790000000" Dst="1" />
<file name="bootstrap.rtl.min.css.map" server="sebrina-jones.graphicandwebdesign.ca/public_html/luma/" local="132900312284128949" remote="132902853790000000" Dst="1" />
<file name="default.css" server="sebrina-jones.graphicandwebdesign.ca/public_html/luma/" local="132902732644132405" remote="132902853800000000" Dst="1" />
<file name="default.css~RF382dd11.TMP" server="sebrina-jones.graphicandwebdesign.ca/public_html/luma/" local="132902735574347067" remote="132902853800000000" Dst="1" />
<file name="styles.css" server="sebrina-jones.graphicandwebdesign.ca/public_html/luma/" local="132902712759776760" remote="132902853800000000" Dst="1" />
<file name="bootstrap-grid.css" server="sebrina-jones.graphicandwebdesign.ca/public_html/bootstrap/" local="132902853760000000" remote="132902853760000000" Dst="1" />
<file name="bootstrap-grid.css.map" server="sebrina-jones.graphicandwebdesign.ca/public_html/bootstrap/" local="132902853760000000" remote="132902853760000000" Dst="1" />
<file name="bootstrap-grid.min.css" server="sebrina-jones.graphicandwebdesign.ca/public_html/bootstrap/" local="132902853760000000" remote="132902853760000000" Dst="1" />
<file name="bootstrap-grid.min.css.map" server="sebrina-jones.graphicandwebdesign.ca/public_html/bootstrap/" local="132902853760000000" remote="132902853760000000" Dst="1" />
<file name="bootstrap-grid.rtl.css" server="sebrina-jones.graphicandwebdesign.ca/public_html/bootstrap/" local="132902853760000000" remote="132902853760000000" Dst="1" />
<file name="bootstrap-grid.rtl.css.map" server="sebrina-jones.graphicandwebdesign.ca/public_html/bootstrap/" local="132902853760000000" remote="132902853760000000" Dst="1" />
<file name="bootstrap-grid.rtl.min.css" server="sebrina-jones.graphicandwebdesign.ca/public_html/bootstrap/" local="132902853760000000" remote="132902853760000000" Dst="1" />
<file name="bootstrap-grid.rtl.min.css.map" server="sebrina-jones.graphicandwebdesign.ca/public_html/bootstrap/" local="132902853760000000" remote="132902853760000000" Dst="1" />
<file name="bootstrap-reboot.css" server="sebrina-jones.graphicandwebdesign.ca/public_html/bootstrap/" local="132902853760000000" remote="132902853760000000" Dst="1" />
<file name="bootstrap-reboot.css.map" server="sebrina-jones.graphicandwebdesign.ca/public_html/bootstrap/" local="132902853760000000" remote="132902853760000000" Dst="1" />
<file name="bootstrap-reboot.min.css" server="sebrina-jones.graphicandwebdesign.ca/public_html/bootstrap/" local="132902853760000000" remote="132902853760000000" Dst="1" />
<file name="bootstrap-reboot.min.css.map" server="sebrina-jones.graphicandwebdesign.ca/public_html/bootstrap/" local="132902853770000000" remote="132902853770000000" Dst="1" />
<file name="bootstrap-reboot.rtl.css" server="sebrina-jones.graphicandwebdesign.ca/public_html/bootstrap/" local="132902853770000000" remote="132902853770000000" Dst="1" />
<file name="bootstrap-reboot.rtl.css.map" server="sebrina-jones.graphicandwebdesign.ca/public_html/bootstrap/" local="132902853770000000" remote="132902853770000000" Dst="1" />
<file name="bootstrap-reboot.rtl.min.css" server="sebrina-jones.graphicandwebdesign.ca/public_html/bootstrap/" local="132902853770000000" remote="132902853770000000" Dst="1" />
<file name="bootstrap-reboot.rtl.min.css.map" server="sebrina-jones.graphicandwebdesign.ca/public_html/bootstrap/" local="132902853770000000" remote="132902853770000000" Dst="1" />
<file name="bootstrap-utilities.css" server="sebrina-jones.graphicandwebdesign.ca/public_html/bootstrap/" local="132902853770000000" remote="132902853770000000" Dst="1" />
<file name="bootstrap-utilities.css.map" server="sebrina-jones.graphicandwebdesign.ca/public_html/bootstrap/" local="132902853770000000" remote="132902853770000000" Dst="1" />
<file name="bootstrap-utilities.min.css" server="sebrina-jones.graphicandwebdesign.ca/public_html/bootstrap/" local="132902853770000000" remote="132902853770000000" Dst="1" />
<file name="bootstrap-utilities.min.css.map" server="sebrina-jones.graphicandwebdesign.ca/public_html/bootstrap/" local="132902853770000000" remote="132902853770000000" Dst="1" />
<file name="bootstrap-utilities.rtl.css" server="sebrina-jones.graphicandwebdesign.ca/public_html/bootstrap/" local="132902853770000000" remote="132902853770000000" Dst="1" />
<file name="bootstrap-utilities.rtl.css.map" server="sebrina-jones.graphicandwebdesign.ca/public_html/bootstrap/" local="132902853770000000" remote="132902853770000000" Dst="1" />
<file name="bootstrap-utilities.rtl.min.css" server="sebrina-jones.graphicandwebdesign.ca/public_html/bootstrap/" local="132902853770000000" remote="132902853770000000" Dst="1" />
<file name="bootstrap-utilities.rtl.min.css.map" server="sebrina-jones.graphicandwebdesign.ca/public_html/bootstrap/" local="132902853770000000" remote="132902853770000000" Dst="1" />
<file name="bootstrap.css" server="sebrina-jones.graphicandwebdesign.ca/public_html/bootstrap/" local="132902853770000000" remote="132902853770000000" Dst="1" />
<file name="bootstrap.css.map" server="sebrina-jones.graphicandwebdesign.ca/public_html/bootstrap/" local="132902853770000000" remote="132902853770000000" Dst="1" />
<file name="bootstrap.min.css" server="sebrina-jones.graphicandwebdesign.ca/public_html/bootstrap/" local="132902853780000000" remote="132902853780000000" Dst="1" />
<file name="bootstrap.min.css.map" server="sebrina-jones.graphicandwebdesign.ca/public_html/bootstrap/" local="132902853780000000" remote="132902853780000000" Dst="1" />
<file name="bootstrap.rtl.css" server="sebrina-jones.graphicandwebdesign.ca/public_html/bootstrap/" local="132902853780000000" remote="132902853780000000" Dst="1" />
<file name="bootstrap.rtl.css.map" server="sebrina-jones.graphicandwebdesign.ca/public_html/bootstrap/" local="132902853790000000" remote="132902853790000000" Dst="1" />
<file name="bootstrap.rtl.min.css" server="sebrina-jones.graphicandwebdesign.ca/public_html/bootstrap/" local="132902853790000000" remote="132902853790000000" Dst="1" />
<file name="bootstrap.rtl.min.css.map" server="sebrina-jones.graphicandwebdesign.ca/public_html/bootstrap/" local="132902853790000000" remote="132902853790000000" Dst="1" />
<file name="default.css" server="sebrina-jones.graphicandwebdesign.ca/public_html/bootstrap/" local="132902853800000000" remote="132902853800000000" Dst="1" />
<file name="default.css~RF382dd11.TMP" server="sebrina-jones.graphicandwebdesign.ca/public_html/bootstrap/" local="132902853800000000" remote="132902853800000000" Dst="1" />
<file name="styles.css" server="sebrina-jones.graphicandwebdesign.ca/public_html/bootstrap/" local="132902853800000000" remote="132902853800000000" Dst="1" />
</dwsync>