<?xml version="1.0" encoding="utf-8" ?>
<dwsync>
<file name="bootstrap.bundle.js" server="sebrina-jones.graphicandwebdesign.ca/public_html/luma/" local="132900312284248629" remote="132902853800000000" Dst="1" />
<file name="bootstrap.bundle.js.map" server="sebrina-jones.graphicandwebdesign.ca/public_html/luma/" local="132900312284368304" remote="132902853800000000" Dst="1" />
<file name="bootstrap.bundle.min.js" server="sebrina-jones.graphicandwebdesign.ca/public_html/luma/" local="132900312284458069" remote="132902853800000000" Dst="1" />
<file name="bootstrap.bundle.min.js.map" server="sebrina-jones.graphicandwebdesign.ca/public_html/luma/" local="132900312284557795" remote="132902853810000000" Dst="1" />
<file name="bootstrap.esm.js" server="sebrina-jones.graphicandwebdesign.ca/public_html/luma/" local="132900312284647557" remote="132902853810000000" Dst="1" />
<file name="bootstrap.esm.js.map" server="sebrina-jones.graphicandwebdesign.ca/public_html/luma/" local="132900312284747291" remote="132902853810000000" Dst="1" />
<file name="bootstrap.esm.min.js" server="sebrina-jones.graphicandwebdesign.ca/public_html/luma/" local="132900312284837047" remote="132902853810000000" Dst="1" />
<file name="bootstrap.esm.min.js.map" server="sebrina-jones.graphicandwebdesign.ca/public_html/luma/" local="132900312284926811" remote="132902853810000000" Dst="1" />
<file name="bootstrap.js" server="sebrina-jones.graphicandwebdesign.ca/public_html/luma/" local="132900312285016575" remote="132902853820000000" Dst="1" />
<file name="bootstrap.js.map" server="sebrina-jones.graphicandwebdesign.ca/public_html/luma/" local="132900312285116300" remote="132902853820000000" Dst="1" />
<file name="bootstrap.min.js" server="sebrina-jones.graphicandwebdesign.ca/public_html/luma/" local="132900312285216035" remote="132902853820000000" Dst="1" />
<file name="bootstrap.min.js.map" server="sebrina-jones.graphicandwebdesign.ca/public_html/luma/" local="132900312285305799" remote="132902853820000000" Dst="1" />
<file name="scripts.js" server="sebrina-jones.graphicandwebdesign.ca/public_html/luma/" local="132902712759906408" remote="132902853820000000" Dst="1" />
<file name="bootstrap.bundle.js" server="sebrina-jones.graphicandwebdesign.ca/public_html/bootstrap/" local="132902853800000000" remote="132902853800000000" Dst="1" />
<file name="bootstrap.bundle.js.map" server="sebrina-jones.graphicandwebdesign.ca/public_html/bootstrap/" local="132902853800000000" remote="132902853800000000" Dst="1" />
<file name="bootstrap.bundle.min.js" server="sebrina-jones.graphicandwebdesign.ca/public_html/bootstrap/" local="132902853800000000" remote="132902853800000000" Dst="1" />
<file name="bootstrap.bundle.min.js.map" server="sebrina-jones.graphicandwebdesign.ca/public_html/bootstrap/" local="132902853810000000" remote="132902853810000000" Dst="1" />
<file name="bootstrap.esm.js" server="sebrina-jones.graphicandwebdesign.ca/public_html/bootstrap/" local="132902853810000000" remote="132902853810000000" Dst="1" />
<file name="bootstrap.esm.js.map" server="sebrina-jones.graphicandwebdesign.ca/public_html/bootstrap/" local="132902853810000000" remote="132902853810000000" Dst="1" />
<file name="bootstrap.esm.min.js" server="sebrina-jones.graphicandwebdesign.ca/public_html/bootstrap/" local="132902853810000000" remote="132902853810000000" Dst="1" />
<file name="bootstrap.esm.min.js.map" server="sebrina-jones.graphicandwebdesign.ca/public_html/bootstrap/" local="132902853810000000" remote="132902853810000000" Dst="1" />
<file name="bootstrap.js" server="sebrina-jones.graphicandwebdesign.ca/public_html/bootstrap/" local="132902853820000000" remote="132902853820000000" Dst="1" />
<file name="bootstrap.js.map" server="sebrina-jones.graphicandwebdesign.ca/public_html/bootstrap/" local="132902853820000000" remote="132902853820000000" Dst="1" />
<file name="bootstrap.min.js" server="sebrina-jones.graphicandwebdesign.ca/public_html/bootstrap/" local="132902853820000000" remote="132902853820000000" Dst="1" />
<file name="bootstrap.min.js.map" server="sebrina-jones.graphicandwebdesign.ca/public_html/bootstrap/" local="132902853820000000" remote="132902853820000000" Dst="1" />
<file name="scripts.js" server="sebrina-jones.graphicandwebdesign.ca/public_html/bootstrap/" local="132902853820000000" remote="132902853820000000" Dst="1" />
</dwsync>